{"file_hashes":[{"block_hashes":["kHRPAYR1QN9RzW6h0JoqjBdSLbh/ULjpTH3p4IF2Rvo="],"block_size":4096,"path":"asset-manifest.json"},{"block_hashes":["SVF78lLW/aMNvYSscO3fC2UOrE/dchQ/uwWha1ETbZc="],"block_size":4096,"path":"background.js"},{"block_hashes":["xVg27L6dKTaBGuzHyJ0s01RU3n/SQP6oxq/algrVTwA=","dVxJRgEBX9rrDYGBqJbnoblA5WL4PQFYIw7NmyC8rc4=","89G0RZxcHjbOpCqRmyKPQcASPUB6dpmcfXG2Ap0MN0I=","rLzClX+xb7Is2wTc7/EFJ2X43gswMFN+rXCs04++euU=","1Kj/mzNzfyr9LVZi5ywWBX3aTuE4h5/RSwY6DfhwzcE=","VNY/dBj9XSCbSTF8YSju88o490ovSzDP7SjP2ap6sNQ=","AaUK9Lf4O+pRayIf0h2pHiRHnLPjkCN5AbYmc6KRX/Y=","i2XdQ2kC+Rei91SlF4LyKjJiksUvsZaD8Qa7I29G3jk=","r5j1Q9Ct2BBln7XIPlMRjyyqJ5/pHTGjTfKf7IepboI=","jtsHgO9bnAACgK0w9aUwCYxMAGToAhE5QyxfEyDKMAQ=","3G71s+GnDd5IHkieUd7JoBvt0AHrwmGTfP1k3Kpcqz8=","AbQDRyVZZJmBbND0WYJizfs4UpgFDbUaBzMZo6qsxSc=","x3Adt5syxqBdQ/hBtwLeIsg/zYHJOwiLXzAmZEXorp4=","zHemiteRlUpFQi5EUI+NC4dvqj9jc2HKvIR80Lz+jvk=","/wmLIdCtONHBGq1nglWyT+DZsBGEphgtkfViQT356dE=","41m4BOWHRIwN8nUlUBF0wzIu3ZGKED/UAUkdt/LY9DQ=","qNpLR5Wri5rZlp+qfQIHY8qobwj/9i0qoqM4edoEX08=","GxpCEUKAxJIfA7YAnHFaTsCgYNvOVhq5jS5a/cNrvsg=","Cz5FyRqP/aoaB3IEWqAZcBPEOq0JQ+Ok8n6kPukCTtI=","y8LHKNBqRRFA5hgA6KBkd5VO9+XPxX1cIQ/mIoDOUik=","5SUqlhZmH2J6ijQFTVDZ1W7IKgcnDlnln0mp5rz31ak=","25bMKbi9AURcv/L7//mVlZI2+3P1+mq2dGGGDfmljqk=","JDBMBVBYJq614k3uwAceYqavbCnwo4T/8ivqNRfyeW0=","s6RHT/3W8AN/gYRA4+TuBN0zTQnAAe2uXqUIQFY5yls=","yDp2SnbIEFnCMbqhrrZfPQUCAFfweA033s11zT06+vQ=","zmncD4LX/Vx+9dTsvMD1JXfoB0954eqtItJm/ZvXQaM=","d25nWq1IuEML/Z8j02t0mvRC8u398EBroa4YRmKAgYc=","E65EyxZ+H6l3L8Hv9c5bvzo3Y3R5klidAYdH0R/AEfc=","BdW8qarsAT8xZyerpK/vSHFxHhN3sBQrBW9LBqLt3pk=","+D70E0tGji6sN7lMHDNDNYpbr7ok+TIluK9LSYIxA+o=","bX/dR/R1sPLFrQrnwBwUOSaV82oPlnCQhfs0GE/0G1M=","GEbvs1vhRKFXDTXR9W3MlqLo/nSkxL3EbalfW3jTz3U=","hK/FBNTRaTa+biN1N+DLxJtScF7WjCksCCmc06oKBWE=","KBUnUxXU4HZNgpLiYZ0U7DJpXnqVW3zTtKnyIzIYo0Y=","daMgbPJ5b7Pys6xTi7F4O0nC124w1WvN2qQqhzG7Tr0=","vdM4q8Dm3gF5S1Q68oy+kHWRhClhS5dKJ6Y79qbPPGw=","HrGWfizpgXNT9lBvPyzLziJZbitandRBp5zIes41Rjo=","ZMPyf3WCFKRDS7iOeQW22IwKhnnf4BfB1Wb9hft1L6g=","NcuvAuVH1dNlW97e+7mf10T9uSkt9Acq8DscRYvSl/I=","WMvZBtF/ZFUX9FxKn0Yl0W7H1srK4zZovAK3KbJrkNk=","DPcL8W1sRYHc50maFAEbF6FgqOyg3sM2Jtf4Dy7pnL8=","t3ECKhIt9RINdm5JpIla20Nw/zYJn0g52PbeWPPffgc=","mrvEQIc/SRmG4VysiJM8+1aASdDoX6GexcL6fg/lMPc=","TKe6EfoNm8Ac7Ye7Inm9BToH0731ffONA8YTyXpBkk4="],"block_size":4096,"path":"highlight1.js"},{"block_hashes":["kxG28D3s4WRxWXTlwHBHXyCBO/9z/v4W6CDUuKVWjXU="],"block_size":4096,"path":"highlight2.css"},{"block_hashes":["TbG3rCC3ZmMrydiCbU16XVFyBpRprjpr2TwyoWIOzrc="],"block_size":4096,"path":"highlight3.js"},{"block_hashes":["K5k8KzvRxo2qx4hbUP0ZOjzEz42lRFc8KJj7E2L3ryg="],"block_size":4096,"path":"index.html"},{"block_hashes":["kNJLw79pisHhc3OVAimMzKcq3x9WT6sF9IS4xI0crdI="],"block_size":4096,"path":"robots.txt"},{"block_hashes":["g1rOJi6yOF5NymqEVRNsCH1jg+6aaVGFaePWWSAtcVw=","NCwpYiWWBmqUTiZBWqeQ/qbqUASmz3IeK/heOwZUVVM=","NftnAafG6Qa60XqXo2sTe6VsptEsLzftXVPxHy2ZBPk=","nimsTLhrZJ2+utxz3HTS4A8S9HJ24tYsgsLB498Ns8o=","D2xk2M9mKIpPtmef8Ittv8nzjMEH5Tr7vDAu7v4UI/Y=","75B5YTwYqnEOT5WHp0+Na1Kb072KBa6e2s51Z1xGBl0=","ksoSe7yXPkDC5lzlG5OfN4XvtJ/I16OAqomf0fd6+90=","LYu8MwEdtNAb4w1CToWywlJhQnO9RvfGBJrvKVq3thA=","pN/VOEaFSGJ+c8Uxj3pHm1OUSflrMnrmUbci+31zJ8g=","8raJ9KHtHzcYA2ja05eOmt6sK41HUZKyECbh8jK0bqY=","M9CEVVvhSh7XtjCiDSsskiRHy3utLKwEMwTqfq7e5cQ=","ur7Uv/tHA6yZ2vSSISLromIcMiRHzPW09JpVGI/i6UI=","0yLIrEwnsr+bqZZxG5d24bEJ5aPnf2axs0s/AKpi3v8=","a9s+/3hi5xJiWrGMORzS7ZFoMzs4a3cO16wvaMzhdkI=","PLpzDv7h7TgLVYUYKsyH6F22LhSzLbfWSYJnqR9LOdM=","fBkTSKjfhy5beOG8SZirTaZvrU1PCabwSB3B1arm+2I=","kNNY1QxKPJE6HbEOi3EWPy9Cdp0wmSNa+cmGi3/jJ7s=","O1Kb975hhc0wjNN7GRblayMLjT2mZThDM5id+wXYs0c=","mmdMjvIfA4ZyEN75h0pJ7Lb5NbMRWPnEfAIpQ10Z/wQ=","3yr7QWvOlQBibf1x40aD91D193KyH9igRkkUiwW7CKA=","hUoVBTMHQYEkom+XbxZ86lVY/dmQM0xJWj61zB496kg=","DOr21/mRNBYJ9i9dl6eJKFQbo/9yTrIvFk6AOxRBJ7k=","rh92DMEhuzWtHAADRDCCcZC4ZE5fop6mUdxvDNv8H18=","BS9BjyrciITtbSf40Sq0mRa615myF52ej+TummLigts=","qumOU9UbQL9l4boS0p7sbaAnX/j/JgsaUIXvYwNSoQs=","Yb5sFg9HqvFdMYF/pcnpsANEJl/rl43PmPImoJQixwM=","ItLJ4TJoap0a+FPN19eZ80tTRp7YmiQkOKVYRCaYB6Q=","CgKT1bcjYJwRo0A9fWLhXwwPFm3XN+jZUuP4v1NB8ro=","n334JhPD7f/ceiSxxZdsosvO5CwCreUNoGthpsrn2IE=","y8sgOn+Y1cbFTTrgbrGo87aLa3YGADmzzaVdP38wHZw=","ZYi8xDQF3n5sWzRbU7EL1vIH06Me2T+drxHfcFW6KTY=","lPMjB/4EuW9wwQqk2HQ9ImH6KX3lrIrhRwcfUPeiVvQ=","zNDGbZ4UMIh6iqq5hSfuFJ1HBGFIwWv789dUSS2XRCE=","/8vbP6w/TJIUDrr49cBmVSrmiWddMG5CK1aIIBcXJq0=","LLCOKbU7DxGzY+DkRldjgsUkE7a5fu74kgyIaIFKh3U=","fbVK1THpOGAblSsOBnKVSjTDUlWoMidewKOudnLEoaY=","TJsd7jocOf770mvTzC0xbzC9xTHOuWumia2I4zLQRhM=","sJWkgRl32xiHa3YZWAnoNYdY7egqCe3iDUWc41wlmS4=","u9vdp6yKIX6iigmkQnY+1EukJYK+WfiCPSrJZQNciqc=","tT7orqHra7gKrEste9CRXhr6VnDL70z4nBAMF9vNtv0=","X3yta53o8YojwQQXHv8TzGpLJIooHzSHeRmNwlW7EPA=","yQ0fmAUXtT/3YCLVZxHCyHaaosTjm7NXfpYc034AnUI=","ya42L7np+wK0u6OTM0swDAU80mXcsg8Pv7Ox9LpDITI=","H9cHoJPIwmzJNXDGgAlyOStOYnOuaB6Hx3XOfBXelj4=","qlKJJQRyPPNc6131NZdCqEsfwpgLnkoBldSArIQiYms=","ajTK0pgF0lf8AuboDOgLBIaz8BTTYfgL4Er49NgmzhM=","BfxQjsnv+YYvk23i3OHfTqPn2SJY+wtGJca4fhkvcv4=","r9P+EFh7lIGeZEMEGsCwzcMtTrlP4zbwCGliELR0jaY=","sQOgobLYsIcjM3Gg1pqlnaj10FJ0Dofl3joZHu3S/x4=","zt5WhfxcVKlzGTrF9vqw2PSasDJKeTaOREXdgOyNsmg=","Nfg8Wy7uxEsFAqPvTQVaEhwiJXG8M5OTUifu+OPy1BI=","vwWYo8tqM2ne3M3bNa+sF2uKTlCTQ+E0ypG9muKL4jI=","/eCSfN20STARcsWvc/SfkPv2qqdL5G8zEG+j6u92234=","nw8HLPtomfgosdXo1BOdG20MNu4yIJVQl91TdXnzjR8=","xdI9SGOZH2N8Z2txHn9YBKSQulaCi6rFF/vQ9QduOWw=","3ZxxOuUHQZ9Mw2WnswFRw3RLDZ8SQVhWBuo7or2YTig=","TslHVydDHhn8iPgmBRhtl6PhJgTH4M/1apww+evme/k=","76TaLtyAwC2FsWStCkhUEHuALn2lkAwjIcdzSBVp0YA=","44m4io9GsJ28j6aVrzUrIgfl1sJagvBfNejSzKp4/10=","gYKOr0pLUehe8wHixergXgVwYi0p5w5ZHlCMj+CiGp0=","4ohH0r2FToXw5fgzDBEacavpTG4CsFkUvkZBGG607jU=","LvDaQluG6zfeFVHIdk2+7Frxt6Wm3/CVT3avqsSUJ6I=","jnXGt9i+e46Zmc7dZGkLIA+85sYj1idHm83Zy0SncWU=","J85RCm045qbOAgSZ9pxc9FyFI2IuiZTJu10u1opPEp8=","qFVAMtFeMZetvkFt5VvezLI8hrSJjHRydlanpUwO+OQ=","uMUwcUooD+QU7+CIF5AM0/Vb5DD3avg9lSA1bzkwX28=","JT3e0IY7U9YbRUmNVlavVOr8o5aUrzf42ffq59n3GkE=","efSTvaAz8XbVZqKjZYVQmyy6SqwV4iQQS+wyps7vhyw=","L6/U4LMxHH3iyYVwXA4KYJnUmACB9Rj2Lh8hDvTWsew=","8aZVu9XLlupOh5V2HkMWq9QOgWqpb0Ij3rW8f+lJLHg=","GNA5xuh4zhOKVQDZ1wOg9oTQ72Kwy4LlZjmhUIAUJ/Y=","6k0ETMz92CdQD2o2HigxCPo4zBVv3fs0WIu+jxWgxXI=","l9da62jSZBTV2x0W7dNA3eFQAYXtfyOGgScnSWSCm5E=","MB/Y63369cUkMg87HKjBMmzgBDUDsWPFSX4VpLV5C90=","+GNp20egP+UQhZwoyMmFH3nCFjHagqwVEtQyL8nvdUE=","sARCnr/rODM9p/QIf0sM+udF7NPC21/A5gYxgS8yiKE=","p470GA4HsDxErW/h63EjnFHJaDzLaT+pxFQu7xg5hmo=","CdC+jNdoPSeFLl/O32FRHID+KE1VPwwzGBHU+aJAKT0=","OVoEsQflGewfJ0duWFVwRdon0KROb5hnImAlFDREDwk=","DUZnS55oY6pLuqcHj1Xg3BnlTjme29F1A98VYYtNmsg=","tdeuhXNwti/2YqtZZeAtADzG6uf1zId50WJd9vyr0XE=","8wg9Hrvro3x514aLZEouHt3zBfeHeXN4f6yg92DtqfQ=","39930IHHumznJ8y4LgunbH3Vmldj4LCdimPcHmcLkrQ=","B6E/YN7Mr5+5GaEmnCJy3sLp+Z0XDSev3MBx9tuhbcE=","5rdcqdJfGCNZ+n2V7uP3jFjbejwaLlepKcC9EMwlac0=","QZliqroRoopi93w8wcYsUiwBAJIt60/OzGxuiZpgGZc=","tCPAEdN2ytDWbiE+OBA+PK7Iec51RSDwJ+rItyoawJY=","HtbOslw386DA/4v55fBo+4uZZmp0tc+wgDBOiQs9ovw=","xs2rYca/sdSiTH3A3zbPQyv/B57FY/FHkel3yiyJRiA=","/i3JSjQHc+mYOidwZAaV26uq5pmHJD7ldds3yohVwIw=","KJqocGxi5JmAAV0CpO39qZjFUmvVXhX7hrx0fGXpFkg=","3evmpkjavbRl53m8hEo/6ooc0g3b0ytUs+MTEir5nB4=","xJTebSX8Zmf51HcB1bg7ApZElB0km1lZawoE8ptriR4=","g6XvBKxZmPmWiUSMpsGDbb2/K7blg8j18P5lHYBjAf8=","Q1/fvkqa/JeC4WnCiruuMMf9v/4CT6T3gaj2QbVwsqg=","oBJl8eKJ3udaDrD7fEpDaW5W9LmD2goylcMbTN1JyoA=","+MDZK91Hm+iIFbfHcwm1bCnueem6M3+sGM1sNaum3Uc=","cLE7jonAXylrQbU7Ukv0tfL2R3/1hhOToK8ytlI8PvY=","qxrq3RjqeOo3r4Bmqxt9bjYLfT2eySU6TEwjF3LB4fo=","FNe5cpyig0stcMoyG0UPCVZBWwBOdHKo0xq0/6LwT2U=","QXk5+gjTViVk/eB8D/9xDlR8RLT35SaevUlhpXQZXbk=","6zwgBd6uzLRyvv0XSd7JTZbp9d8Qf3tTGYs2USr2WXw=","ApI/ulORrTQNLuJxbBSKOa4oI//T1mxxOz4XTz7Tv9c=","EKsF78sB5GOcaMCNK9Ahtjw22rpck/5yhuLFuVrTiws=","s3hoe2Ejck16q2/7+pyvI3vR9/KDJnTnDAJd6qCi6ng=","MQxrLt116XjAs226Q71UawZgbXtglUZf4MiJiiIcLtg=","rvEse0S/TyunI772xrSDsfhtomXm0My52k+G8VC+Yz4=","0/V/Og7Gmvp56/vy0AZkr84yWKa9jlBtWvgE+N9yHXs=","fc8JXmj1qvdlTylaYPPc2/jkaUVBOWq6my61/+Vbhm0=","URAGxewYtLc1v9GkZtAUpXzQLrhobLNYmzddIL1yLa8=","2B+diwB/t5BPGNTJSDuHNouYNKMLhsQbD7dM/6qajmY=","uOr0gggLcD2V9BY68+WejiKWQSl00lgV2JuCaAcyjzE=","unOTkwH+wSmSm5au/ManZyZloyEcvm0a87KHGemL86A=","lyGlNLR7G31IDPgiJMg2kR7xixW51VtCUWQRBjydMcc=","M2AEOCzr7346vISGE3FgDr5/RaclziJO55Irxl/aIQ0=","eLczrCuXELEFnDshsBvFLCBp2LqsK9OOFGZC7KlcPnQ=","QyDzQ+0sHtqOjV4St3Szc83gYT9hoExp+RZeD8+32RM=","Q5Ie5DSMAL2JzTVuYcN8xKgcd+Ni1NjILVa8jk7U1mw=","bLg6s5xb7cgkWWgf83TCfvxCwy5HAvSb3p0c+f3/A8o=","TmJYdE1ej5Z+iE9mSxHTYU0/h0Zho7/V2KFxfw+saO0=","33Dma3WsO949T/x/4XJrZ507OoIDauDG0TcR/RuwCnE=","ps/HGVuOzfG/Xh+Tu8dv26nss1ebZoi6O0oQkpS+IIY=","X1e9TkjHFx52dbwK7gO4/Zggl26Bn3pKllyCR1QKLQM=","bPtpzX5jn6blMjUoAga2wKKIy2XIFdwxuIrUMv1Moao=","cFgAvMVVjQguDHKSm14C4ZZ9UZg2ZQBCUomboyHnGg8=","4QZk1O2bPJOgh/4S0bt0QY5Ot7G3i8YTP2XS49xbTmo=","aHyF+p4eI7/GB/Se55/i12chaQR3qXrOcUVpiIC6yIw=","9l+FR5D3DpLDeW13fRu886BRLx7f0Qc1vXrsvrwr1lE=","uIDj9dZSMDBut/IorBzhJjGYy2s7jm+6OhsVx385m9E=","YHNT35m/rsHiq6CoZAj5sHJki0pRaV7B8GSd6Gs9SY0=","QI87u+NvgJsQu7C86FBckGvKCQ5rDXy6TiWGO4YOgRE=","KTsNXNIrYoKAn4FVgyoNKP68W1GG7EY4m3aD1hc93vY=","sdmXlpiy+xaFT+toe4MvtsIiE9BnsksZu1ou/wyS7s4=","jHN8z1+Vfus19CeRFcLxMz3y8RXwU8YvslgMj+DBSgY=","lknK+chFMET9/zFC3OQwB+8GK3PbNdBznVzoS74fZPc="],"block_size":4096,"path":"static/css/main.bb25604a.css"},{"block_hashes":["3ahX4lV73U9jpkvVgF2RMGwVNm8jVrqt2mDfYN1wGHU=","+BDBmyQ7ha3WAErYQHL9+INqHJgtOIwW91dq9Bue4g8=","P3O4wfI/JPaHLrv3Q3BAji5FZIgmSC+Ue4EFHE/WfDE=","nHRP4nhnFkIcG/ukd0SJCIhaxmFXmLuB5FvrHWcUWuo=","Wc9h3oc++c0gBFtQTrYwngd6L+valulrCOL7yZlTOJ0=","l2iF6SwpDOGhpflGZNDO+Hm0P0Pke06zKpYkqENtAxY=","LxXOs5gZcaXo4Cb0mRHB+nlaKXItGMttirigaZBkmHw=","9OZuqRV00AsUE6FNtwbr2BYAmTehs8vbmpXyNM2dfv0=","y3glqO6VQxyW2fpVyK8nmoLsMfZEjtgrFSjkXMeTisA=","8+Q1RDXE6m+iu8NSDdENGQq3FzZFF3EVtu6gy3gIXxE=","JwFOrC58eDR9MlNgL+5PUvZ0zt6zgstTDGAPGSvgFik=","/uxZTNffcWRgcfic01pmX4g2+5OcggcCt6lPgKp6o9A=","GnuTVjweIAkoK+h6kmiiEWufhlzsiY0+FWWP8de0vOQ=","rD4YNEizhYwXIjHJtIJfwas8THK/yc3r80/NLkciodc=","CAuqN+Y13+vrUw2qb5Cj5hQwHZUtiDEU45We4BBDjug=","NhwdCr4bxe+DtyS7Pnpy2tKzOPH4/5Jr+jOxby4Dofo=","5fJ+/X0fb2uaM8wzct6bDGSdtOsCa69PJrjHjA32HeE=","Fb31O/IKU76+JKZLyFR+IYSOlI0kJgRc9Ye2hTGFxf8=","F1IAfozoF1I3Tn3ziHJvFE2kMLAmTskMGfdB/3n5TfA=","VnYhiM3l4gdWXRwG6kUk5b0aFE/9p4/1Gh6cLWv89NI=","Oe0LLOD9murzDqP0YgZKVrs+s7peY3Qph47dvZjDBBg=","emLin1aeLgfVDshZRLdH3AhW2EQm0olMm0btLNAn54E=","aUnAbR8zYAWdZWBSSDg6SOEHT0JTyyzXW0rPkdyLVmM=","5VRVwW5GvkwIg6F6IKvAIe+dvGT4/pL6WIyPS+JfZ3o=","3pZme5rlGIf9ASKqhBzKrWO5BhxRlm8danjR/up04ZA=","jQfUp0rfw0sXcMD18MPznjjWtgewDNCMcndtfbzdWMM=","TwdZ/yWLq4QuvX/5pLubaE3soptXb/4kKbZ7WfD4b0w=","z3yJo0rPrDNzxVD3ULD1JYBnnliMg04XYqi9/g2XbII=","M+U3ie7NiRKIEXkZLwef2eoFzLgGADfZCYE/eAzQb+8=","+pQq8b84USo6uwwoq5I/kd97LtsAfiUwcPW2O1/MFCo=","bpf4T+BQsMh6QimJ74wuLod3uDXwA/b3awOAQjCHlbQ=","ab6cIwHyU0ivFUvWgp3RLTPsq/QM/d7wAX/0ZnuPFAY=","NT5gfOA4uI7SKUJ6iVnr8fAYbejm57/s219dd5Ld6jw=","034DoQvy5Q8trCNpi41Yh8I+9HadchtWaSXZayf77OA=","KLXJ+5/B+QDGksEZbGCnPzlIMfFApIQy+NLW3nJ9NCI=","Na2vMXVpR/HbcvO0O3xe8V33GYb9aA0YmAq2luzEWmg=","tM9FEz/yT4i0vyNUqE0Qr0+CQydtjb14E9GPAkEnVFA=","3kHIYyAy2ytwkhJl9kED4+APVXK1ZR0i+k9GkeU9hck=","qWVXT6537RxrGhb9SIxtQzXe9idgJ6pCqiOhGVQ/fc8=","gZ+hDajsmgWUX0fHHv+HZbviQkoYSTD480JydtADPKY=","f2XBiaqYqSGJ+p8YGABvXyf1gz1+8GXJAKfVgFTk5hs=","jdYOtcgQlxRdM/kB6nH2Picg5ESK1FuBhONlm90RAOo=","n4sox6+SG/37VIguKxEaczhvOvf+BBRKA48LCPmdGzM=","bM8Es24q/3BhLg1MEVsPSoYQ93CFVpqdCTMagp6tVSc=","MslA8MDgx4ebrabYoehtY3HasO9jKj0RJrGnFW4o4P0=","ZE7IxpVK9tGtwdcVq8v2Xt4ZEKvncItuQP8e9dozYXY=","eBS8D1WultBFaUoRh7adpxQQWGxeKi2GIyA9iin2yGw=","RbY9/ZL/A/JmY/BQjKyFb9ioMuZSUs5rrum92KlFVf8=","LzVgXiaZfLB1H8944vpFttpPUPrNEDk0Ys2IexVMO4Q=","IWSUI/n/wmJZUJh0qX9CjJa6T4PpXVlF70KQcWNk2F0=","tSmn2MFqwEmFqrYgQF4bvX5EPnbsXaG2vnR2UdS34rQ=","3MBL/xKZ1VVucmkOi6+iKkrzWcIPlqp2URaT4T+i3QE=","o9BJr4h3cAPb1xmJEKQZb6dWbBshzknBe76WIRbNv2g=","MctCNoEkXbrqGPt5BW10u4vk5qq0h5kIsfxPjQPOOqQ=","bP4aaXygyu/Gl88/P2qRujfXGospckpseIqCWX/2bZI=","z9ABv27vxDqQ3DfJWK5iDGqlGTEoupNHvSa5alzASi4=","sVXI0FqI0V7BlSMBAM20gkSUyUZoRNNbwKvypwikE6w=","wYrxJnIO0ccv671UCBattSwmXY1WBoFBSIDxWkmXzyY=","691cuYBin6Co4ZxbH3Eobc+pJ3kNiPZ55xLZDfIKRHI=","Y+lsjJOr5zW9vO1O4KE02L2iscgsm7dvgwJlFPW56sk=","wDXMgNeA+ptwySgVj51eN7794McgaPA9iwHGuKekju8=","JtakFqe6H40v2YlMUd5mIR3LL8bn8M/derzEkcgw0UE=","xWSExbXO3wqlyx0ZgyP56wBpzlO7yheMrl+Xm3iyv4c=","y/wpEwCIfsApiH1eH0x63Y1L6K8C7vrag92cBMxbmjk=","hHr+SPWd+kacnPDWEqJjux8rdgSQ+AMCdagTW1He52o=","kzTd7BUJ5lnXSJ/6uNV2PueR7ah62AvCa8RQ4jNOpwI=","FiNlI61MhXR8wx0cdFc0kyrU8F+FqepINqnqon8enUo=","Mpb5Tg7VdyTwHty04AjzRTN4Oimge+GtBDI95bojSYU=","VHrVqgLYEiGlLPAiRSSHg93Uxp/1bAyLFoigMmA2Llw=","swehMbq/wd0d+2UfvzRYi5pI+EkRkb8ovFHiMuz3QQU=","1jf/03aE3VeGaJYtJLRbuAvKvVGs5adQB+WIAyBD7gM=","GEADlZyWK70cYQm7yYAfVfcU/+wBNDaox9ODqq+AjxM=","9Umd8Q3Stvot1fSI/TE8RVuc6+3NaxxXSReV7j1NLmM=","VvKVOPK4jgyAtltqFb5dOzoINFeVSo4YirH5h1mDqYI=","SGFU+gVrCqd0625OsAOdTN5n6lNVky0lyNhp+71lOnY=","f6QOyzmBkedbx1vyi897feMrfdDJXLWLw+U2dl20fIU=","bVL8ZwHRvsLLkOxeqvNUN0tL9F7B8E6I74JYTCCju0k=","9MNKE8wsxvTaAVMr1WYWyDE7ygdOaP5nXR0MteGC6fc=","ugm5WwSdqWrttz51mD/qvXEcEuepZd7/d9waZViXY8c=","b1I6SG6mSqKgXdvTHtcI9vdIc64EDMNYCCgNmZiMvm8=","zeDNG3NJEs/Gzm/lLPBw37/pJC7m9a612Qk7ab8SSqc=","/S/fV/RjeaeBO462NKoDt6M+qc0aYfEp33fkIbW4eNg=","vDpfE+IZ9wYik9vZIhf44bDfKQgadCMe2VwcORcS+uA=","jhjvjGNu9OfcVi40UaMCSeSNYlTmW3EM04N/Jsd1cro=","eSXT00QvzSzJTbpl1x4WJ/BVLSGRfozMU3mBsW/moxI=","8du8GEfJO9OOJny68Nl93rqfgmnJQr/mXaAIsqkGjCg=","4kxbU6WbM1ZtKZA/7gfreJSdP1BehtvTjD/yaM8LTKc=","9jBl4+iytRxl4OlaWg828HMyB+oQwt0RKfjof4iako4=","PUbZMGzo09DbeXUh/nBmEfLQBicxs3F1PbAsvaQNp6I=","ZYnORRkQu36X5E722gbMMBbMFq0lFgBZsmaina+HpqQ=","zbavvdMdoPZSaw3G6uSxthc32UwkVoiUEkgaGhPhqwA=","8tYIWucSaJ5RuX/pIlZYZBT22b0CaS2QyJh9rQ9j6eU=","ejXbBR6RkwBC8zNGWusOM7/D4kBv8QQrXJNSjBnmsPk=","FU5IpO7rnqiSa4SNn2CsIsHCRa8RGR917VF2f868f7c=","tR4fO+D1NNFlKQtojpv+OnjNtCv+/YF4aQTmhz7ymp8=","zwQJ1LJFFCPEqlBzoFUqRKgToyaNZy7zk3xOf80rQK4=","gZYDdi70H7OlPt+f64xE0x459Lv6Z8lT3nQ+b+aX0ho=","lG6Pv6H5j1Aj2DLy25mpX0m3s4tYUdJF2qNrDnzQfS0=","MoLEQJKBbPQ2dFtpk+3LSd/uEbQUpJcR4lC1CdcQZJY=","W23ZtITk0QQA9Mt7gAJ/aS8yXLdAJNoIbgD15c0ShxY=","Ol9NN5VlaFKsjwb0BYMp+ItsYKTmRlnrv+1LjViTNlE=","D/9OnLYuVVPKeQhd7NAy/rztOMIa/xOoUDMU0HW8VDo=","rNwwUi9z1AaTGrTaIrZ+aX2iPbQvGeqUJgjtdqfZYCc=","hmM9gxnI8BkR7hRj6/W6xfpgPCiQVmkQ0o8g8GNzh6U=","VB49bBjS/glF2S0X/kCjJoJ5SqQolmt6dpP9tF5WhiM=","vhNEZ9yPYhTku6ceD0u+nI3GxPCILYYJ+EixvRBSTN8=","Qa0fXFpZmBrEZgmsVVTcxIjCn45i6DdrB0YQtwLkmzc=","jNJWyp57yhEF3+GLxm/sg7oZpfrGqfPNnPP6ayaCx6o=","+XYA2UL/nnXWzXYV2GOXOlU6aY8kMa8sG9AQ4F6jfBw=","iFKqTm8S/WkgQI637S+7vZRWfYd2SRtZKhhGm3pphzc=","EamDI2w7hSUkac50yqcmfMOLsr68rDOgvngIxdxdTFI=","5hgBlayJjLWqb/L1h+N+IKcegNqLU6njZDiFWKL2ZYU=","ubJfJ+1FAdbTlp7LL0b2oB+mc5wGVAXfgQ4JGH586yQ=","jlAh4QdGBzxK1VtyXBY2fp9CVBp6g931hbd2X41L4sc=","L9LpTNp23+XdnBc9MiTjLWeoBm0H6JzBWoiLpEYx0Sk=","zIX31UJWKHxOZWEqrl/shQskoF7lDvoI7yEqM/PSk2E=","3CLZY9erVmQMsbazI/CFLQAJ1m0pCQHFokWXXG9H86g=","IJG/XtBs/eYcIMj0b9sUFJKhWy5E0Xh7EEIVN8zDWX4=","82kzGwnR1otM7gKtYBE5RLDt47t6ymfi+pkK4dO9U1I=","ErhFrmrbruEpnTOpcqukn7fLWrb7bzCJQtUs51IUPtA=","OOA5ccwQKLxGzgLuXT5l/jQ53H794SIUe6W4PZE7yGk=","Qx5a2bpIwpBPX/Qgspu9GGcGFK+H4eQMm3iDX4ZhbjI=","BeWZf7NVKGK5dWrWladU1Z2wGh2E9lcAxkvTrXo9s1E=","TDQ25c4/bfADAS5NoA+RAPrefVrW7dCCw4pDvLl0+eE=","JRPRo81dJneNTzcO6a6e6KET7NomImfTlcRe8qrf7c4=","jD1NAuHsgg8o3KVH6e3SvdbrdWzWUCDJ1nfCKyblqPc=","ryEjhauipMDcFyfjoqujWqnBSivVxGGneozgU57iLUY=","SUvsUBsrtBoReADyYgJWbIqZVoyPH388pGR0FEMo9Mk=","wCjAtTWku0GyuUX4F2fkfcDDLCpKC3zFXKgp0s6LSUc=","m7Zr4/XUMHAjK3UAufbn52m72RnetlQk5RriQvmWZEU=","jRCZcsQc8Ybinvgu3RwVS4gqIM9e4e3+WOfuQ66qmyI=","XFEFLaAhGRY+hAJkTe20u0UULviMIEk5VpTawIZs6hE=","ZaI6Km0qwqtemE4Zc2OjhEr50wNA3ZUs+DaDJbF+SbY=","DU9FAXwBGBbaQ6v/hfpcp8b2istxT5gzr0w1RCwevdg=","D92DcpCOL8z3Qu0Qrpnn7FR9pdWoK5DJpL/GlSA1nBM=","MFd+jhYswB0+jjIFYy2zBwfV0TrCtWZbm//l6urUZjI=","5P7/1iyg7DDiRCqXMtOXW/3cISGO4PGwzJjRkSCjQlM=","Z6f8g4WPg/3A80WXgNh7fxhLbUttgwyG1Si/4EOSQUM=","pQTsK+vLzu9Y6VKjAlrMcEu1Xk1euZrE1KQ2C/v0jfA=","fezNPGnpFi5utAV5mRh3mp1usQYiNYX19c8f//QU3cg=","hfm8dPJaXU/b5tNSzY5Rjxvtjl6d6iGD999q7saMlts=","rHUdApRjUAhPY3xyiXJhiQ2jpNK96eof6KNeb6qHT7Y=","K3yiURmzj4viC9oNjAvhW4T9mBafv4zs90caYmPVQjo=","mV4p2tC4laZYAckfTas329uIooeIBxNqFRFB22BnBzs=","17igWyhyRsFkDoBu3CBeLt6Slgg1EsaRKUkRVjB8+94=","iwzVzGDqOs9hGfavWl6qpG6Fyv+76KxM/U92R0La8EI=","7pdJ7LzhQ8IYNAdkRXQipRT7ss64wRmS64hF1hN7PNk=","CIzmucfflE34lt3a2EGXf3otIZvc8qr33q/DOx2V/qU=","ur5ajnsWTeKj5Px7Th2O2fK6CKbUfA+CYtJ6L3Rd9m8=","ZAdhTGmcHDQJ75NTxhM+DvgCccF6TQaxnGCRsYrbn4M=","SzZ7EJrJfTa04UdwzM1E8hsEuzTC7xNC73azJyNKNJ4=","aXqUfY3XL+j4x45bwLio1m6y3DeOSq4UrAaKNGeRxpc=","wfAE5iddkhTCdzu50W1T4l0DPbAnBCxiWchJuaXYVgw=","FzL0xjjQAoUjr+XOAhk4FWuWpeaedfDzP49U1eqA4h4=","vB3mqtfqc0YApWMVX6naRLt7qnLTUzPKpCQshZBmAdc=","XAWZ0BwWmCoMTbhHkKuWHmcBgGKoYDjOi3ORFn2xgJQ=","m++gS9enOh17oprAmqm1v2ZavLiK0gq9gshaqXx7hA0=","i527E/CAjFmYk2oz0VZ8JTbOXK25l/AgmiPDjlA2jb4=","h+LYG/tMl60gPuCvCeLuDdnalZBVBcBVNYcYm655spw=","YP9AiIFnYlEYuo/llgqN2ea28ozpJy5dihKEslHtKuo=","yTpCSooI0eJdj8NVGPsmlNqIbRGnXSgyx91bvKais8M=","B7azCLAxfweNNy/GVPWASApGuelldsWDTbYFHV7DCjc=","Wz5W6bdmwETvcCMSCYpliw7bUQr1jF5drw1vqH7FErE=","xp1rEwbmhBTLG7slejXcW8Xb6KFHoExcbWn6WtTUteo=","tQerDD5j1hMKkp5Z0zL+jXm3dxQXjM6BybwZYxpCwKk=","2ORBTw5jkMgNh5Ji0DyQ0ellgICz2Q7xQr6a5qR/Cas=","5wIKAbE/hs3sZcRMMPBZs7MRSR+7NEjnaO9IwioYuW4=","f3D6aO68EkNZt/naA0NR7p1cfugJX81ghSLOpfojMYc=","e+veHAP7JopSEiWAjsemlUOr5IyOsMPjlpJc4yV4BBM=","SLQcOrD6KuTFiCPfdIR0bUY9DSxSxlzbjp5vdKpcNH8=","q6tEH0JkQIKH7QFuZLfpDPyIhEu3/pMQSl7c4sGLB2k=","IP8lQB3rx+zk9frF+LnB5XR8UjLfid2PaDSAnxLMcZY=","GKWhqXf5rKv4YbvIj7j8oSBTwkXjjPkazowyuD5CDiM=","lvH0Mc+0XoAREH++8ekDw7NjT6CvUz6baOevtsQkMso=","OKB2wSCMkCBrVLU+tIVMPa7PZCSwkwADWnx1bHpi6/M=","TmKIFm8gJn0dg1ePasQBO61M8TM98JWKyxCjYkiKjhw=","tMNlON1reuuVekQ20ESuEpoL1AptN33W9FX3VOYWEBU=","r4zox2XnRsp4pu6Ia0ph8DOHkaHgstPiJGPe1/gk3wE=","1J1sDlb71QrThBgFfEHoEofKKryQ8Jd2nO3jYFhHeos=","iApaNi75GoGYU5m3+cE1ZzSIGsMnbrGkNbh3O/Vu24U=","slujdeerpjMsD7Kh8cLI9bBx5cjxM5ConOaPrRjvVi0=","rDdCGTfBuWFsK34VerzMNXP3g/KlNjP4IhKQsJl3t8k=","vpUbLZCcxetbf69htJOYKWagXLjOKo+gM9m6d/L4CzI=","uUt1FbLhc2Z4di5SlWEx42N75TVXYuFPlumPKW4Nx0g=","sOq41d3Kba7blCvCbX+YDLGfO4vbe69v+azmQMEMiqo=","TACgGH7Dg9NOA3/GopAlSnyngBj1ZDJ+k3xWyYwfTM4=","DhCUxILYw6DA4sjTh58LVMRos1wTFSaGggnPQQN9QKE=","3cFroAa1npOxzINvv7ljdY1b7fRC12RKnQ2KAykWAKY=","0CuG8gzS5q408b3dz6Ms03/6bEuqTJUY/r0JZW5E0tw=","dKzEJTdzoRuIFj9s13YA7iacAME140F/Tm6i/N6YGHY=","hSM/npDcZ2+s/xTaCZs5YW8DvaczLMxOHV/yPQXLhX8=","rw3Wiu3S+Kck3ch3oC/h5bKFspTNdqlTv6o3Yw0UDfM=","kdcTE7XpVENLuFHrcCyEPiLcNTb9XKUYk5ZzAiqG0F4=","geA8XJRvkTlm4I1zMWjFdD6fotzJ1AygyNEiKUGiDI8=","Tu0hFDlaguuGSoglPMtkRxFu70Fb3nfwrW5MkFrDpSY=","wdBXlFoMgM4XdXZKbXZvKPchGowVXJY5P7QNvfxt484=","li+KcJ4vLPA//lAczQKoap44Fnhma2r015nEr42y8H4=","erlfDJghkGG9PsjEhDMH8eaNEcuDw8nadqrCXXH6GVI=","262YCVNsCg4a4UZCIiNteprqAtlIszkcKHfTUvKkBCE=","+02LacoTqIJqGG2pW9vHcE76deehznrqcHrMh2TXhFA=","yj2vCOG0w3dlCtjAn2i3cfbOSlrHA9GpuAyySCh7mPI=","to5CpUa6NkNHhT77aSMx6X1gzzUCl5JkrJBfDF3F4K0=","UGf66doTiFYucOcQ8RQ93M9oJ2YOu9eWcTnnyH78XwU=","oBAFxa28VSs4yaqknTXm11jA1wnEginoP0VngjAbefE=","VBh/hl5AVD8Sb4sqM0X9WvB9TkSQCl1+p++SFgDaP6c=","CaVSy/VwV44tExIpMACzaMn3yFxpc2R8vgG2t9EmCL0=","z/PS1Warh6tMpdeLdBNExKke032keq+RofaurGVbiiE=","+JLueXuwyYYsqMtAi81VPo8w6CYCsoUPs9I6IDHVZG4=","xmYaXC2dJ1mmsXxTZzC9iNfak68QSyt481PyTPo/7PY=","XEAETODfJb0lK3q/MwNcfBl2rPaK5PST9EUtMqYIcsA=","F+o9OYXPrf8g7EdsYpQHz7BRkK1NKl39+h09L3V71MQ=","o5dCzE4zxydm6mcc7iEbukK1LvuAfRruRNgpdZCCWfI=","vyvBlF68hQ/3wfASGfVxGcHkbw6d4Mtz9Yvi+Ljssdk=","yqIS6deDfneNx0SZI6DTJmwJFJMJMb191VH43K9IjAU=","2j6Z9JvJEZ/CrEViTCeBowMIm+6B3J0BClEsdrX4yRI=","ix4Oys/vpFznxoMKEplDY2X9SOwfVFESVFT2fBhJyfA=","R5eWu04/kNm+bMa3pHIFUBJXggjnmbt8yr2g7Kjlob0=","/L4BZ/yHUz9dRoOqoCuFxtKgm6mNoJTgcTpyegw8f3w=","k/mAGBHNlvQPK6mCSIF/+TODY7Pw3L1stNzVXHXLa18=","d3rVHTnDoQ/Sg8i5WEIX85kz/LfBzl5Cg7WNU/+KkAM=","j916GurCXLGVilY3EfNjusS1ig2+x9ElR0kLTnT4Bk8=","ehoJ7tKHhVxebtbSaa23Zk6DufAK0+yh+Yi9Htjk6dc=","r/eoLllwMTBYBxouro13ZqL7pCoprJhaOJgMeikwBT8=","ajwDgKjJjstwfZZyrXajBKwPWU50Eq6WMoD9QFH9190=","mG+srOGlFH3zvq7cDudDSc/CiDlGXrC5ZQvbVlaso+0=","klXGVeF0V5hhSEzzuAgR9p2S7Nlo0arGf3GrhcvNepk=","rle6QqSnCsVK6X9eRPgD5f5RArtkCRWs/mvJMbCQL9Q=","R4QeMTBR0qm76RBlJqaAaqvykEL5/pvTYQBpDzsZUfU=","1xBqzVU7n1L76uEIXgnSBpShewQOEVnpBRzK973IKV4=","WA9CmRBGVMyyDgPxYXmhTGmUsbuYU36ZAvcDLIrNvx8=","dUQdICyM7I4BvPB7glKwW3QHS8XTXvg6qpvYZ5W2NhE=","PsCTW3t1QdAPYd6OYri0m/T1Gm+AYbgx/y7zbdUmemU=","HgK5wFGqasy4g+msSXYHiUyNNKvTZe6Jojfv5R2N3ZM=","aDTw0aaSoWHmpEbSvjgtzdWN4bbOrv0dzdURQt1pmWc=","Pp0Yh8jObTlVPCu1AjbYZvGl2GeeBH58o9FdluqWs3c=","0oFGlpMLkNgnrrJNXFApw6DZd2WrUrn2wucFbnBRZrk=","WN48ylPskAVK5YMnlciheqzql9P6joA3Pc5DwUyV380=","c3mp05t485IhYKk1UD+7B4rsPf7JPCFypgNp6+67Q+M=","rZF2Toah7h4HvgSz6R0y8O0NjoQHtXyTlrwrlGX6q0M=","fSZTPCcjuWaDumEYHAilU/UhPj9cypiOZ/BkAKH5+Yw=","ZtaiOaHKyq/kL6c9dHBZceD+i1W13HxD3u0uK11cMr8=","o1BPd3qjSgEaYTySjMyMVSnl+RirOgmbR82ZParIczc=","zp2Y3tUymXuq9dCeC0rL+AzOHlfx4r/U/IFC20rA8gg=","EPbjwk0AN79jgDpNzIRfYaVbntNhf0TrsKLqZQehuUw=","IHskZmoP4nT5LZQ1A+Q7EpwTE8otu7Opi5d9LJhwsqE=","bB+rqpKHL/R11KpmqXiHOMfiaSj4JhLSHkeDPksHpIE=","vrSr+IWBi7NSkjpzWQjCpqYctc9sKli1CdccpxGRsCY=","Y5MBKUN0GhtNvodtUO8fkXAMDZ0I4GrWPnJaPg55tx8=","mPzOrXGbf7np58vy+qOezlV8TVjhLMXGGCCeRsXaDxA=","ceF//D+VDdqm5t2PCxSdz5rmkvCxV9T19ZZVZ7eJKLg=","CpnfCOdTMyqE69+YTq/yBa7jEgZNHDqseyYUj69l3gg=","Qe9vqylqalcCdIlvM1rgBBKelp170HjnFzSRnQvcSxY=","zgX2tAmBg6e3TPW2RK+Zp0QBIEb/i4W1eqa2t/SBJl8=","YsbtJf3QKmev2swg7iFXcrvDKp9J+OBdFtGb6FCemn8=","5qh/Ub6ShSttfse143DyDf9IJOpBC3nadUz9b17xpk8=","0kcx19X7qcw8pVWWK2q4wNdCkW8mOrFRzGWHrED6jf8=","FdmeM1z1n9pk0SOu3ZYvbnB8YQyHEym+pyfDh3neUr4=","L3fm292Hatl+OYMQE0loDD0rjdz7c92SYCihR+q088Q=","HQbHDsE43po+OaGGDZUguyt1KCuCY6dDIjeqRyXXShI=","4IIY+yIjo6QRa3yOj6gN/+eBy/Lj6JWR4106J8J4tt0=","mlIDp36SCk3ElDxd4S6AJlUotC6tqlujbneN2WEW6fs=","qPoJm48YwJjDRdVP0UviNZm/ax0OJLPfmCqsXi1g2qE=","wdXc394p7bgDw39OH6bbsRpFcJi8zm6Br1g28+h9/rM=","uR9ORLgFaGR4/p1EgRmIC39NkGyblEVIXpWsdjqLx4M=","/uo38QJibz082nRskE6u4mG89R31AUnJcFnnhaIZ8TA=","t7mUcJz1JrHgUIolQOdS4TUem54veJkWacla67GRX2o=","82VJ7lFtB2PsX0YuK12YkZlFymcf4LFMDL0MbQEUcp0=","PggYKO0vG6TSlrWycbaCiVrLI11x1fKN4bL97MpJDgE=","/gO/lRcbqxFO8FrHL/beld1C6dficNA8oErrndsTjek=","uk2zMQQP6cc2C3pJumFi/s3oAXrBQofJkbaMJCnQxqE=","hU0J7elOLJJb6Ujtp4OJvMgGw3L6f+MuMvUOM0pxtno=","a/m7oakS07iDcbq8DMBg6OYbin9LYVxDbr1+83HHW+c=","rBoN/o+OI2rK6I+lgbJb8Vdy7V3ak9L7flxTooPsKlo=","C1MAfz8Gf83FNLaZo2BJgnE7fynuGwxy9op6G6/yP6E=","sy1WQwbbdXtRAtJOJfhnXsV1htuKKBHNjuxGm1aBOZ0=","vvea+RW50IAN2sGKvvXbjORYPfYpQ5bWkzBjLWVsBuc=","kU4HvtORx+Wg2HjAF0fivA2bsaPtTOqxwwxI2N33bb8=","iV1KCnDc7dhYEWt310/y1xdKtcaZ5nqbtygdhGKozmg=","WSf5Uo7wTNZ0B/N7LDXbbrNyeHuBWcKf5PrVz5y6TCA=","Xo7T5RgD5izyyCflBKrnA97QoJM0O1CufxAbRd5E65c=","N+do+L7dsoyuo/gkU7f+k8psi/OD2qpghPyH8F2TQak=","QcNUg7//eHOnwZrKvoPkICI4xPrRM0jmnTyXWf3PTBc=","zoRryTqyHlHFKIewzCrrhQOimU/5dHLTBvZ1T9ydSHs=","SfC166OeQR8iPAW5iU3uOo406OpZjQpPlcY4JBf7NPM=","pM80Wo//L4n0FQcp3yP+4YKILx0xazL88sIszFmutXU=","GW0nDDwcT+RV4n+UxVRngMdxfHmizGhrqdnWe5S/eA4=","OPuBFFYz3+YmLBl2wtTPYI7OgXoCtMTA9Ctv6FsEZNA=","4m0fdLx4Kp9RYciI+T0rPxkOemvonZPRZpfqj/8X1xY=","6eC3qJDSeodKSKzRCDmhYBXR18kHmKpLgBu3lxMuzSw=","nkrwojztIRw8RNcrtsPi1qCScLtSX3kq/MJ7xUDpxpM=","+jiJRzYFFRkLTJEvrrdh4qMbON97XKG30ipGyIAKHmY=","9+rpWykFw9HrnEgicFz+iTIWuNsae/V03WGlKHszmfE=","IA9nu4DC3dnMEp0UUC5QKPGjzSn6fizOuk226f6kllA=","Kl1XKiq6FRaypRAKl0cfcEpO9Xqc6s+Ng7xDg1JtaFk=","AZ7juaNyjkoT+J1Ac0OSA51IXUsz0JfdYNC8lPzDtnE=","flkuErbJNYaSStW2FW9eMvShPv4KSauvuzneg87Fw5w=","H199qJDAz3xqHHZEBaGWu+oT96iXvRIuQ50mUHLFNMw=","Dbl7YMB1DxtLzbdsHWwvmtLWEDRJ0S5tqdNFrB4TTC0=","3Eh8sWY9OBTrTjtHvR2XFzEVRmivA+ieb7cIwWz2iIQ=","QczqY1yd3hNlwZOkaSBx/UTKlHbM5277uE9S8B8PwpE=","t+zaGxrIRfidY4MEx4+8DiHrdLFDOZ7OCKW5m28E178=","0BDnYg1rjnkq6pyF/eO2jro2Nc1fMHv3mDtdlEmdcmw=","ZW/P6nTELkKMMEk/ib/4jnMTOeJMY3O7iTplWyThijw=","jGZ6gjGI+I7xqizQ/q3qrOqDx9SJs//zlegHjHDakBQ=","jewO7hFmaq5j47btIH0EMv3K3XUp5rad/C4DIahqgX0=","cXrz5yG/A1A2TCN4CNNl4E8kQJrPqgwYjkhL0tY4h6c=","LLlBPOT8f5ghpFvqaJWiL3/6gx6n82UGsMbOx94g6vM=","htTvdEqu46cImVdR3lsC0Z1FfImfkcu/Zr3Nqn5F2xE=","e71KQx7UVgIIocICn9vr3UJNAkhiqZH18mXach4WaT0=","fO50X3m9TSzo9jtMVHHFYEGlgtlGq/FwCJw5SQUvAg8=","sIiKnBO1gWeKCMoeHEojr6uiR/z9QVg8q5Q76fAQ9fU=","cXthewlPFQTp6VaVPs/aziU9VSUJP0SwqNUJ/eU2eOg=","+3qJtpVhDWjhhj39O+xLDPpGKbBBKRM3gGNz/sQKoY0=","DHy8qGi9I5sjGBzb3po26zSXoNfKWkcxSfFpPd8hqB4=","AhA5Y3Z6O+czgPp9PjfC7B97VG49IByuFVTmF6FRKYU=","+SXwVAWNv6H79/3YJsQ1JW7bLPHgGzVOflkTUbIqrPw=","qG1R+OAr3jSmHavT2IW7YMnDfJRzhwp3HRapHGCqWGo=","td8mn0fc53A42Xb2nq+DZFurH8U6I3g/QhxkZSlzBPk=","A9tkJ6VFTQLyowFO7f4PtepAnRbulKHBu68vCSrk1lQ=","1aOZLj0zAS9AMxXz6EwFr8ldRVg/iqboiF+2dZHnwEU=","uBNwSpHsn9mIv67dWRlHXv4AwxtMgRBmBT7AnO/3KoE=","s6LNsZHJp25q6nd5F4TKdXaNRop4wmSxLazuYYXwaNA=","TpjdcXAXdZ/M3V9WE2rXpHcMO0FE9T6LO0OXXxG2yBU=","EW98xnq1+Gb3/cXzVrK+4dOxov7FUnCkTeIH7bZqwMA=","MYGpGWO7EJtf1vrVZ4/y6lvOaAsXW43SdlBHAMLs5NI=","TEFk0IEzpmk/Tbn/Rb57gpyLODAmFS3N+vZQrVG5SLc=","LR/LYgt+KQqUA7H+GZFwQff6MVfgSdO+IflVz1mndJM=","3AgJJYfsML82R3ZbIDrr7YElmEdsAkZ+B+CP3yx4do0=","51/4iJdBpSOmwczzB66Ec0P71Y0oDt66qReARx5fJfQ=","f36gbzCVia6gASgzrT+xomhJOBfmNkHS2FxrDJLdT54=","HBULA4KMG3t6kCSugJ7KMp9nnPPrfHDxZMcOnwXT7kg=","DPP63iKekO6xckvj6iSKyhwfVes2D1+qm7LhiyHT4rA=","pF8scOQvVMxnn090e/1SqVBkvuvJPNgbtvN46eWP3ds=","coJL773sKyNXrWPZG3NQIyh7NKD6+LB5iDZgCj0oG24=","UaIeiUnqjsaNiNtV2XbllSgD0i5hVcJ+q5GFdu/EfVc=","5rSx673dOYJdQ+YDAo2+aRVhPZFfMlsbOZgPK2jpz5s=","d6MBtoSQBFlaD+G/FWoHnl3JAZuyDlIaRAPI5BUzDO8=","qibs0j2kAwheTzNaKxjhtaNw9U+3yaGMyxz+DO00NdQ=","CoS2lihnSOmCqPtjnkgF4cQMyUvu10htVIdn1W38zAY=","QR6y9NjpsdZJmCuQ1K/NDW2eDlBWzMpLe5GElC5nlv0=","LuSLoieLj24ialoVznxu+64oHulyy1Z5AspxEC5D3Iw=","uXq4QG9WVusrnafW4nkUPz2vFZ7JFTtMnqeRXUI07uc=","hAI993bxw00ccpG2zLCH0sUM5su/pSOJlNn5aPdHo2A=","S/UwYqeq9gdQNDW8xl23KYNOa7r2m2HpR3wOpTvYWPc=","ws8ON+Kwaim4YlwipngWqdUom3CsFnhdqgJ+bU7D+iU=","IRNMX7sN7XjlnHh+D9RThnCCVQEn20mTfsXbGY1x5Xo=","J9P9wVUwDZT/uaHb1PcmUWYnHlO32R2N2Ao6JwfNqNo=","+j6Vu3lgZbuNTOv86452q5SPP7d8sfmcPymsNlwS2KM=","srRgN3+ogXYZCeioyuQoDhoBu3vifY+xc6RYI7I2M20=","q5xUnnE/ZuYsP/7yznHsZy9EEh6+l2mFKQW6o15CcQI=","2fzTujpX0Lzq+T8cafFgeesdyq9YW5nO6l7Ws8mKRWc=","xuU0lboYdv0nL52pl7OESWYDLIHIX1pX2YSPmWrJgk0=","yWk+JMJTPUylFTMLAZIYkvpNIuSMJHOh1H4q059DWv8=","4eqs0JFXWtLnIHc4eSUP1vn880pPdrd//FfPYgOx28k=","yBI+rsSZ+D2F4tHA91sltznKb5BvUs+ast96NQL9s7I=","rsm94sKBb9fmPjVqR1JMijxLAPOWW4/P6C/1a3/SkVA=","5A6Fvl2gUDBNEtwLvMuLCd9pucjoL8UCG7bPMuERel0=","OhCukcdq82IHdpAcHuddGAkDKaeFukSehJBdmzFi4H8=","nSsKhxgZ6IZ3lE5MRyc9sg4vqk0CP0Tx7WQ6z52EpM4=","UGFRtpbrLumfCpFpDP8dATzq4xKpwt0c7HM63JK6mHI=","1715X4Krd4YEI6hAWGmfi+2W+9r9Iob7EwmqRNl4zWA=","N0y8mjWQYW20+1IPrsiv6CK/maKxGNLCAGMvuiVuAJM=","j+eiigMoQEYJu+kE4BSIBXB4wqTeGF7chaufbcgOD9s=","9j8US8fEFLqkEbv5y5f0+fwQT4fBg8ZItZbSJYPCCYw=","4ZAO6HRuQ0NOk6ZHHanHf0ovyyaBPDzl1Si20WZxZLg=","5M371U1mg6qzw0zq4CKW8l8X+qvGrTFSDrPw+OxLSvY=","BnBYCNDxVGgeKQpmN7Taj5VXQDSquacxr7WsyyFu/1U=","L2DsMz4ZzRCZ0ICmG8O9lXxjiUqzZ1N5lui2ZZAvFY0=","1i49kdCmvQCD6Rd+/zG1gshviy8b4P32NPHuZnOfXkw=","5WhAFQuZA6BrUkh7G9jkDqvfEHvqy1mWFqQg4eo7fZM="],"block_size":4096,"path":"static/css/main.bb25604a.css.map"},{"block_hashes":["1qXwQwF3dOyRMvvTLSVE4Cv4jtK57lMtYC5AxFa/0ho=","IluPPpW29r0byEMQeLuWlfbtof+++AUDCzq+KuzVDQo="],"block_size":4096,"path":"static/js/787.52e8a5c1.chunk.js"},{"block_hashes":["7JT02dntqZpXJ8AS+lABHJT3616AdgyUrORaQEPLRj8=","ua86LjAoBehfzXzi4n4r/wIz1wqpmESMNb0a6zX6z3A=","R+/4U+qeYUIHn9Pyx49xubniER3dwjkwtiLc7a4MMS8="],"block_size":4096,"path":"static/js/787.52e8a5c1.chunk.js.map"},{"block_hashes":["rBibFw4cwLR7xN73iRCnmy+phsFOLB+phSxzh+4fMJ0=","DN8V5321/gFRxCjFoFDdhzYsbCl12MDu+ZeQwtxMj4k=","q4747avbNAZWWg8RZHXsKeEdHCoeFH3vXIpPFNXsXdI=","6FSdesoZHJCND9LmA85TeM1yieGFh8QN9WBcezQVmw8=","od6G2KSBAB8gy2j6ze2xKd/SPgSDatc+40L3XHFVaqQ=","CigBgbeiCTZeJrLRuqPRqsohYz+xuh/rAfQEXgccWOY=","CUpR8ZthJHDebmmRjTgFvUrCmmX+MVhMl3TNJLOK+ck=","CZKSPazZucQzSyS3fKK4cFTWrQJcWf3oNAuUnXRG72c=","Qw1Zo2oHEjDgLDXgUVe0LbZBmm2Nxn372tgmahO8qtk=","iKZZGBywJA9LzHmk7OMvgDv6oitMTZi1bLMz5nme3UQ=","EoF7c/sZOjHnm9+j+HLOWel67ldMYMuMcmFQq+qdJbE=","MYNpSjoo0QaLRRACGT2F2BMYUwiG7sFMgW0TJSAoWlo=","ltmQG+/wyLsX/nF/kzO3qMgaX3cAkiFXQFbsX3Dt6Fs=","/sWHmE5XOGUhX2Nt/YTFNdZC5BiDSGnRMApmFRVwx5s=","nzRYma1yFJTXpZyEw3ukBokkCt+H0EEctrW/pg7l4u4=","L4ec3tpH86OB0uOvqNaV1XhV1VmWpGD/KFhPW3bQw5A=","dSUzKfX/jOJuwl0Fu3FoALc3ekZS65MpQ0AI9fQvJ0Q=","Ft8dYqrQDK/lMk57lUuHKT3mVctY/7sKzAETK65FV8s=","pDpX3U/Q5mDUlKzjhUT7RQQM6Ul8VGro/HymDHRrCIQ=","vej/krz+X6glDz/uMX0po+iUY50wBLmnv68i2DXrltU=","IZerR9W9T0y9Z2RP2uwt71f8nk69Qhy+3FP6BP9B30g=","65suFiUNMLt8kBDJHU0iiLyqxTZz0Tt52bEe0kkC5oU=","2ybari7GJH85JRfap38X4dc8fdUo69fDJCB7VSmYXW4=","vRiPt9B2FqnLJzkLW6scvL2T1M7EKxynj0q+KuUotGQ=","mlFtm/FnL9y0pNWitKAWTf1Jmie+TINMu+ps7a+tiRg=","09yat8D1xosu11ObnCRo9imSmCOT1B5z2CCZHsMJKi0=","QiN4WZfYPTKOWdeHjxBsQaTSBePUKj3UYecZgzsNvkU=","8TQKoB0Ac6OYIMGy+QIAvz4tqN1UxTc3DeLDsyFo7io=","Tvn3gMc/vlaYDrlCTaSmwQD4kRfPjUgPHn4yAAmmWN4=","eVsH0T1c5Eckhg+0ybnQruWhlgFI0kfAq69v1N4MdPE=","Jdm1NYqEKA4WxDyuRF7TTdvuWFfoeLGpn8oRNx/TOV4=","eLEzpgrbwiukpzIK8Zz/nZijZKdwoYm1DT0pxswqttc=","0sxaw/YzfVd26BFb0dXPkSalNvWw9hziYb/wtPkSb6Q=","Dz5T87jO9rtWE6I47VcM7KStPRjnqOtL1m0kyNCakTY=","nvjzYEa0TkIKeRTFE5ecy3JnrzViU+wc4C+CnXod2gY=","qamvkL8nkqBbgmCQoj5OPA8wjewLsFP5s/R2gDT30VQ=","ChebYI4EjYdp3Om8sDycU8PNeT0l6MBYvI9i30Mq6i8=","0h4UCDdO7A15KlOfevCsrfiPyts9viIBBZAIhjjz968=","I7WVOU+h3ZsvPVBYOjTaHv1EXMAcItmd7Nz+bzic9Yg=","Jj/NYgOMHY7sfcFHgvJXcaa7yB9jXpgQE737Clj+lwQ=","dYHHjMyIje9dMxIJqMU/iE+X8d6k2I0akqq0LAStqcY=","bsnAxAy9n74oUAu1dfXMhm52dFd/+mXDhJpbo18Q6jk=","E+9ROly+KvDGzao0hNguynHsGobWnoitKKK7fzLxHf4=","3kVhSQHkTv2Tn1m5O5Za/Ol/TzT5i0P6FfdHiAUi2iY=","vFBkXHxPLo5RwXemWp3ZFm9jnWAVXQ5uuKv+58NI0o8=","Dl17eTW6qnoac0rb4wi7zxyr2zyCQvhstX3mzph5nIM=","Z7MinqlQamNPzyBsSZtxF/XhopieArMBcPeYReU8xK4=","4IvXKvq4jemJvmcaKDejKb31FqN0p/JjnHCnYzTmPYo=","QdhheKOBVmKcciUfaWcy8nXTefOXK4AGhLMWc9K9bP8=","yutFppGrt9je9WrtN+StAW/CZMDi0fgFwkcSaXiMvFs=","4/pQe5oVJVN0dNG70RH0qtHuC5cGulxLxS/8fHamSec=","/OCym0qEnSlRHr6x8f+boWcXD6Mfs2gTQivWYNYRWKA=","+3X4b8PjN1PU/rL99f60eAFDeOzef3+LeTzsROxHhY0=","Vgkt1oJLyfBGVF/SZujmpuhwzkc6DilQ33awqC+lF6E=","+969c/bmzSpvvCk/aNwZdJYYwZNL+T5n5ORp6xrSEB0=","lt/2x3Kr4AVwNMq1LVW9WioEu9ICoBhSn/6B4QrIjiA=","NPZejPSdv2iOI+tjwgA3mDZoCbMpHYCK0bUrTMjYkBE=","eAMFAvWv35rO9gwTBBr+Er37WxRsKDeFngEKdVEgDo4=","TC72zvpuwbtFobGQrlQ3l0mjtee13nR+aL/Eo4t1MOE=","MmL1zxOMp7an5fKi0IidLadp1eJQKNDuVwaRGeoTXPw=","+AkaGSPdftCMcDHG1ahc7HUAi3/cIcmom8mKZPpI3Ig=","zT/bX0+5LQj2kDx2G/QlaLx4Zr4vSkJQnnmP70WQ45c=","mSG4q7a6n6z4AnL2oQLxC+FrErMBl3gKSG31GtKgxI8=","3tyMxmLEQLEoxdeYNKMKO9nplx/k67+3fklNec3KbKo=","eVSRIog16EDj6y/mD3AU4+LKzqYHXNaXlEokpJih4w4=","gxIP7xMF2CWQKzXikMd+wLVaT8GOxbZ1kJ5D9tA0XbE=","E63W+8zPB/10/B3QWH2LjTw3m3Xh6R/NUMHqMc8U2oc=","vzCIkdc9KVuJwEl4DZ5hlx0V55vwYAe+Cw5HV7lTj+E=","v4szgIXSkIihIpylpc+832ys0c/l0lCEPiU881dNjMo=","Wy67PCysFnQ2nWRnzyr8EgM8vLWHY5pz1YrVm7mRcoU=","M57OPEe+I/ZgDruvfew82doFmUlnHVJ0FVRWehGAMEU=","jorQ3jgIX8OXkdiJ7ddwZbPYCIThWwmb2OgW/8WoJeg="],"block_size":4096,"path":"static/js/main.81f2a560.js"},{"block_hashes":["nWxmCeFCIy73poPENwKZiOuxkEwN+YAFfj767+LZek0="],"block_size":4096,"path":"static/js/main.81f2a560.js.LICENSE.txt"},{"block_hashes":["Z53Jd1E/T7KSWctPlDk4VtbSMnGCcvwrxKWritGlYTU=","6I5ci1olPUiZYfTlz1//S9LGbDMlxVsd41FytQT1mAA=","UbTyStvWtaymiR4f9dadG052dT1gxop27aaOLzZYARc=","9dCb1marp6xyniFM0gvpn9lUF4Cpg6FaytP3yUL8rzA=","Hxgd9N/4KJ8SksL5WyYZQ7q6yb5881oMEEwk2mJtabE=","5YpKB6uqOmuMtCbjgl6UpMQd+yLsqElg3D00oeiqP5w=","cGtVCFSBg8IE/WpIJZOs6cRHRQe3PywgtVBuPs/qhg8=","5Pz9ETHE3GzYFuWHz0QH9aCFrnfgkJRn//BsVHKyYpo=","P0NNzqiOcgHnVEEQM4gUDumPl19d7applYre6LodEQo=","udRghkDKUhgJ1TuWFHI6625g//WXxEIMd7li+mDVBJM=","GmD4+QB7nN3jR7pna7nwarONFwXah2nrFGBCRifXY3I=","YmdgHXN8Qrz3e0/TM7bxJqDigEy9+tKckcHFi1k+5UQ=","mT54I1rUaibRPpGeKvElzvvf2fgAHYQYfMLQ4nkz1Pc=","zcORZDh3GKVa+M//93TAbKTkZXG7sPgWAm+TnkYYAM8=","3lkMt3mrPQwzqx+XAlVgYs2Jx93zGt8+fI+HdxZVe2s=","W6z602G6UBdbUP5JkDIZTlmlVzbiJKrUKgeKASOQ+HA=","mO3SESai1zuV1+n6u5VUzhp9yVzpnlHNvMSPIWV9Wh8=","824izDGVZZ5RtT8wS9pRj8x703YIfYlEBvMU/jxfYHI=","kT8jUz3jTpwzinzTobqkulLsWX7QIBP6YM/DAZZ3IlM=","Fm2my+GlLFlnS3QWFpMsLTGnmrBjU01PsVXgPMn0oTU=","OqVcNZ1iR9IyJtf13ty3rMSuXmycNTK7RfXistvEiuM=","NDg4ke72lvcw4xUqSE8dEp6JNG2Aqws/o1t93YxW3m4=","asXkFX2v51ovFjWGmXLUEHMchYmgSpzdY/s1rTwc1Eg=","1CzrQAr1uNKIVtKNHuIpXfTSqDioQiCvhQ4xEky5mss=","uba0yuWz9CP55OuNQ4YkQ7YMTdXYY830lpP8aLHdNnY=","5l4HWqJL4Za5mJdrIXAm3KRF9u1HNuME1gvrpg/6l7c=","0Vg274tLfyzNpbFXlUIfRy4FTsjOW9aMy+SwIQZc/yI=","fYOrVAPyCqsaILKF+Wk9H475zZ35D5eX06vQ8RvNAp0=","Hfl8h3y+pKBzDpxdsxR3I/EjAV0TQMyludy6fUe+VbA=","53pI00IvCqd1XptMPEZcRoWoVzpuBzVuLOrtlaarPM4=","LmRsdTP+Zzvcrwwtqe0paZElBp85m8bt69c5hC6ZJlE=","Xn8EszzByWuiwm/3eTebpMCZuLKzie+j2zbNbDV0DAo=","6fj8pj+kurCmvFGyqcD+6/+K221HUQU52egTSdgzhV0=","aMkr+5gEFg3SO0N/Irh3q0FPTvibfcLMNn9WTzJjuHw=","r9mWw47JXN3zxJVVTNQQvi2o1ZI8kDPm1lS/BLZ0MeM=","gjrtzVWWBd4mdegKXQWQsUodpiya6ms6QvKZkcmVIOI=","YWbfu3NtqO2MQNmaGQs1PsP2cCUDatGN9wc9TZf0hdA=","fYiH6/m3wnxSYs81+Ef5eJeCT79BhTekLna3R+s/pEA=","Ul2d6t0LMxxtcKVACHFu2x2pFf1d4fBDNdo81nlT5lc=","Hrd6D96gte9eXJxq2nBnl/Vng/xcDVRSo9mLF78z/Gc=","GzgW62kFNoFj+8R5NqhZFPAQtvwywcC/k0kuPqkU4E4=","/EG8nYUIaoIY9ddYPFdPCCv7lb5SVK7hhPHhMa61AFo=","WAChWvLPc8Cndh/6VhNRhcRc9E49pr/6T0SdYNRxS7I=","+rEcHDrFylhFF8ADZS0bpvg6nUoKp4C3CzEoJTlkJvk=","UrVtuuljfeF2AuSUbXP9lpTDhZfHwwhV4OsLJyJGllk=","NK6uAtyOdyla1rh0dD4r9SpFo43PJyKilJAPs1/9cGc=","udREF1VH1TiFuUMEzYGcrGmGX04CQgz/cSu2jTC2VbY=","LiKb4zYjVSghM5pH3oHZQYOXmXrGNwSs+x/7OcY06UI=","1Aa9J0KOD4E3/0m2H5j4Rzcg2zldjCEY5MpLzP0OJD8=","kzGFLYG34zP86nkWHcn9IVgCi1E73Mnb28BHH901xVw=","fSA8YFP9aqXPH3L4amP01lwKmxYowt5R7Guhj81CSR8=","EX8YBavG5k6aj568p88cO9X3r6idaLZD9NII+IVBTgY=","TQDRa09JhhbbcPbaqGxBRiCJDtwdcR7w48cFHALGYPI=","qxwvfmZdYH7FnJRC1VEPONSN4iQ8FF/vUmVndbDc4dQ=","rPJ4XWTKBh9YD7x9PnH2EF28/6BPDZXm2UC/twJEPDY=","xg0T9F8ZIkJwk80i54eEL1x7rmgK73OuNJEuoku0vps=","FRfLWujhby6+wnu1nBtU1QY0h13CEWmRRzpo/CcY08I=","jWy3Fv47sz6Z1JQH3uCtmW+Nf+3evUPpJd8fcDQidbU=","jv068FiiiIA4CdZEPIyK81EQItmEz6aE8+X0x9s3DtU=","lezlFqPnxhcVEn31XDhPDprWRW5uEmZX11TGWSIwljI=","PfKT3lR3H+ovbiDHeyP6wn2Cdk64BMzEigLulgQa9kI=","GmT8hAPHVTyGbBmvvEqG3lyawJvbmgzWne2a9UDAHLA=","XuTqiBWvpzDWS0hP5gob5696rX7QyCyFy5PyqxKV+fg=","JIdzhY9jRMvKgDZJXZSsdTCCaL1KmcsBVCqeFcy98ww=","85dYJn9dfJ7sC6RKO9J/Kq9k3YGR0hMem7z0BdcgxW0=","rhYw1MQDQiIY6b9QFLfQi+K/8Hl1mojENbqEcaUWnEE=","g8Pjh217CYpBDY+U5unfTSwaknU9LnWnNatmCECALJU=","LUUE0yrFPGC80vmYG+/WBP64yYNmaVcrOlFIMreRbww=","RP4MEmq9dPbll6U3584DJ7yaAAhi9cPQ49IMOiYlGDU=","R7hXS3dMqedhMr9qAB1BCD8kXv3kt2LhELZcUo67j7Y=","uEACypkPnJHXzAaunJWGhUvF+gzO4ZZzAQl5A8mrJVc=","LvZb3UqfD5SM8OdCx0KFux1xN9/J9YIPnTOVX2k0X3w=","cw/boqwkmqspqgwUSPwBBMIbVBiVbKXyzTme/4YrVqM=","yuvymvlz2CakQx8uGGDRV0+UicrtcQstWQeC2WjMjX0=","L2kUZ37Pn22IxxFD9EV4IaW6F/jQZAe21oQ6vcd5G+Y=","1BLMTTtknudG766OVdSnxolyTUfS1lBT3o0FB+YnnZQ=","4+am+sDuc1MGjKfOz2NgIGb6pMCxW/uqxyE3ZtxvXNs=","u0nnYtQWXTsf+5sAl4wGfhm27cUN73YBPUuKmgE5eVQ=","lBMawCC7peQX3emrjYyCj8xhRIfg6ZRiUncSNIZbdx4=","Rnm5ymT3GJkZk96woPvrUNgBaKbu1BSk24F2GLzxkWg=","jYrEtZoc70V288xNnRvpuak3cMr79jZTD1qZ5xzZ1sg=","S9cLOLyfxOMsqJZjcf2fcgus5le6MT8aRokm2pyHnyY=","jM8LqytNot5hlI6HWAp8Bfv/b5NcWmN8+fEBuHdGDOw=","q2kgEIzWdiPt//0+0dWrsNOfH/WAVdZHw/UvnM4wgKc=","QHXJdlCc5ArXTwdEmp2qAXzjpxfk+Hpds5xg/DlsUbY=","NoDsontJz9XiI69AGuKj2GJDNd74LcODgSt492ZCXMQ=","9tVmkDbxtGECl/LhUYWSBwBKLC5ujNtuSXsyxL+PJVY=","pU/hO8x5fHdGNoHjAo1KOWyt8lXTAso/qLsu0VfMmso=","bIuYVKXxCKyHpRISFgRs64a1BPw4GyBmn98tkB2tEqw=","40uOCDR9FM0/oN933alOUfsojh2S79ew09moFx2q3Bs=","3vVzJwL1z+7vGgjf4JrzbefVs0KufSbRlgTwd0kXRv0=","Ezj3ykMtORVbNVEiavksyQaXMY0qZpfYnn3TJGt0RC8=","sotzadDae4EWB0JawpM7trqCQb1p0RD2afxBbLOP4zc=","mdt0LxoMfyzF/hje8pr+m1v4KPl1iczPLASUG5a3dTU=","lu9i4GtYRPLv2ztxvVH4T9v4r1hx/d/LXExtS0cUoxg=","RZafLf/7stOxmj7JNWKr1TNYkGItXwsJ8MavgtDAhcY=","fTpu+1I3oCCEp8JHahryEyvq4DnBL77yV0RH5W/yzCs=","1lFxqpNPQbafg6NVyUD5OU34f/dbg9q3W/d2W2LrBnM=","oTFfpTh6J0r2fahyehe0l/aL7waCG8SvDjclvT8uuYs=","hftY0vUNKtGwDnHdu1xp2kve5fFcEVSGMFWft24Ch/w=","fcFNbhB/+810T6FQgzwkXVA1QSYt5KeiYZxy9peug2Y=","yyG8wcokwfCeEgn2Hb9sPKEWW08wpNV6xq9HeDZOZlw=","SmAW7/S2S6MGGGhq51KvFJjcWtretRGUcoJT2vpqyNY=","jQ8o4fuz8huTUZ28O7ucaGmkHE2cehHWU+wZGIaqTjo=","sJ0hD8hgafUI6na1kYXYo7Zycij47sB/sxwc+LWyums=","ET2B90S+C4y7Qa1B1Qqj4/lrY1M3rsgRFZypm7cfN/Y=","OSh8BKIsHy2GtzaSeKNLQeLYAAoEc560xz2+zCD55Mk=","zxls1c4APaUPSFlEirE2gArofsfWu1uINmFC97zpVVE=","KPGS58HER4bwi03Nak18VfPkk4LZ3TaOJKjA6xjhzYI=","b3MVv3aDRYDL8TWkGex7UxPymsUKNnf1MDledYKW94Q=","6OUYEYdm7+SafS8PkFyKWA10fWxTwDMhKKEuUGFutr0=","Ad9LbZEUk+TA6WbegaWwspJeXVCPLLU093h6ZTjuWPI=","0dgYJ+uaIKEDA7n6anjaZiAXiWJ7ATWe1n38qW+FTow=","An/ogay9POAgm6HFEE+TtdkSn7K1whKcNWkp3Di0zq0=","ub3cBG7N56huanPm9jPsUHZVGAPmGkzcoGVqY2Z4rYU=","HhtiuJ8SMCnVF5ZyB9ojTl1MYrFAilkeO2VZGvWDxfQ=","GQLarl+DepVEQHEE2Gtl3dFW3FGINB6RZNYcOpItbTE=","+tvJGIzgW0Tk+BeuZ7xXobtZFKuf/p8i4JDnOvdgyKA=","cU9FpLSTfQjo8TNETH+pguPZE2mOY3ExkXg7322biVs=","Z1eZYi+iBJFehUBlgNfnZALp+rheaAKNQ7wrTGHxZs8=","ElM+IEC98YpJFHY7Oa24w0AweJoGM1B4/wFNuEt65/k=","rJ2qhNbRxnuKNLeBDnIuVAIQmBF1dSelH9PQa2jvWOY=","+z2LwjeWl3+Ry4enX6OcbO5ayu/2Fsgtpeu6NOet+TE=","mckaz8voTidPWdm+IV1lACjq8eoH2pO5Z6I6U/qqi5Y=","aVG+Na1PyV1eaP1g+T2GiOjk5fVNHlLvfPc9TCMg/m8=","479ntbjOkCTYo3aku9Tc8+zoPmKbLBj9XoRe4mvMXAA=","QJpFuOzKC0oTKeJXdunGkOJz1lyA9jH3qS91i7Pa0CM=","hcI0d9G8Hi0zv9uDPhV9f7VH/2brvezxreAB8uJv8Yg=","7huPWCptbNtAgEEvOeBGPzwfDm16T8GApia/dzLe15w=","D5zzEW46ty/9VQfGaeFIDakeIt7acV0RIZEVpLZdqLQ=","z34k3HaSCBHwEaxyuCcq0/Y/9K/ZmUhQT86UGEvTC4c=","x1utuZ4db0QPhXihnLvuw0ZHG7EqVOIjci3aQyxEKbE=","cpUgdMn8zzKhZRlRtP28oPCQFW7Urbxv7r8yaCb362Q=","zHGJq9HLjILU5hLo+BENZ9PCvCJczqMy+ugvfs8SJfg=","MLke9Ga2Z692Xd9PgixZkOUHsvnz6fU6LSw+4d0xOZM=","4Xk4ujjhb4wCa6JZ722PVfnEAxaA7aHwFajwWsAM73I=","ZbiD9yUjSeu66jmm0D7UUPDtLy/xKxsmeHjvE6+damc=","LuBRyD3/mMmCP0ibhtbiNAQFN2clg4bY3pby1ND4nSg=","fWoPxybYLc32q1yk6BJGW9QKd3L0aJkWv2bpSWwJpJE=","HVLjJCodxlwT57iih6iDwP1rpnUq894J2TRX0uKaJq0=","3lyusWAaOA2/xXZp4bypYAhTlkRCstzLS00SajaLnKY=","RpERS+B9HcaeDMIBnn0PD8nNf8VbLIA45GtkXFqFs9Q=","N7CCy56MqJpvmL5tWff38oEQx9QPTmqsLrFUGvJ7OjE=","iZ7C3gFAhyF4tJE0xttPY/HdeZgezJBkVV8CKdHal+0=","Ixexf+ntf9nC/cCwZXvjAwUKBEODTPLKEULN/Z0CwpI=","Xqr7Frh7Co4/pb/7owI2AzLr0OaTXPufu8EtchEmmVM=","qdhee+uT002LOWVKyFu8FoIjbtYziSPBiyQGmTwJ7ss=","Fs5hj18jznDZja/Yvle5P17fgSihdZCWESYgPijIem4=","bZrvJCSwS90F9K99OQa2epH37Z39PhKJXH0rTV0eV4w=","kkbrvEF8Sna5oEJ8iOM3bBOTEkv4VaCa6NRoe2iUDpY=","lEV4bynr/7jbRZe/T5RNSC3lH3A24XdtqUwhZWvz/Co=","lgBA8YKJDkLBCvm+OJcrZ6l+ZwlrZOUS/Gm4FMN4ovw=","8WEd6FIr1Txm4J28KSeZFYbqC7qKUiqP9hQjaBjYzDY=","qtJdVFz4sSVGo9r8fElCxwKH5TVq8G4L2HsHKdxY+cE=","wWjgx+NYNQDBvW1bwUAmeE2kyvZsYD7QjiBWN+3V//Q=","RL+s4DuXLek3E77qhzC6NEglXtz4k/vuSmXcZ/D4B0k=","9zYloG1fWDjnM5Dd7LHuNLKSBxMP832dnjwjn8foXfE=","6qRuH0tKa3NtykUJr27pQi4AsltYag7PF6d1nKnA/RQ=","+sYmYsXqiztOPsVn/4KOddbwfeM8X/e+5Dpk5p76Swc=","ybSZ/3/zRpYSRG/MRG6itiroYhMb+i/3a9++387Knf8=","QFlk5KbTajhz7bH6ea9o2lUFWdcHrJ/N18g71mT6Faw=","DQsJdp9B/PtH6b3s8IOtkmqLa1gHcbg3KWi9cWzAGLs=","PAlj+SvekMKwAWWNGtpbR4SsChEB8APUlOTLnQf9OzA=","jeVDIv6JXEGSroHrZeyfWRkZDbde8+l8PzM2q7QQalU=","8KNf07hYEMnhpa3ZK3tA9nNYSJq33VUxh6A3JevQqco=","Vi9QOKZgMYAyJUPcZWyMeOaXKSksHCmY7LAnvhqcdQQ=","fH5tjcj8hq4xB01qRfABJHzUbEHuUP281gn53KmWcYs=","MRUgx+j21xfBsihA0qmGNMr/xr35RWtlaCU2rSkpzAA=","AOHt/+AaH0kBmFlnpfXsbx72t+pHnvu15srEZzeb1D8=","6vtsrUVp0xvs6ZEVhk822uccRY5FvWzcfnu96oqftBU=","Bd0AkSxWXaAtr9lnMUsdk/+MUCTZkzt3qR2BX9pyTco=","bAdmCTeHrZqfW5hYYBVB9cNcv37UkIp8g2lKwDsNsoM=","Sbjr0PUrk2ECEiFjTzqIcrmLd9JIdzNO1Of1BwVtq0I=","Z8/+qARWjWwvv5EzYqzGAygyam42tNXdtChV8gONa8o=","uxjCiZowjfOYSy3MTU9yhA7oVvZ6u2FhmpiB2LPCL0I=","YS72ak5LZ31BOYRBeUa6OhoSphGXbKHfGv2t+RDUEuI=","rXZtu8J3evsS5p8wMcx2zq/k/kqeNiOsc5G7Jn54Gfw=","z6Or39kVHAmY5FZSsjci4GV/+VeUJmJD2Y0NsEXKBBg=","Ra66dX0Pr2Oyci0l6slCihPzO/ydwR7UEAN2Sx2KeT0=","qKmdADp/7AFocm7yU4NL9iJGDajUt9VLeeXzWtigvzg=","cslXYvsQwUvu1Jf7Y1U9CAFmHfpljgLwdfMhFJqVmKk=","MbLiXQaOoryIHBXBspMBcLVBNPHbfaNbO9CDJqpPW4Q=","7ODEpz2hVezJMxl9j9XBcAsJ3wbG5LClue+PG3021nI=","NGN6iLBaTnaZKEJDYnlT6gY4X8fDGxqoHEcjQWbvJNY=","p4Q1+QoLnjQn/ktoisobHNo+0ctuT72biiTkKdFZw9w=","0USydOXjbG4v0TQd8LcCj3A9xBUsrRRK1AcMVY/MiEk=","O+A8aF+I05Do8fWKYY0R5sBM3IgZIhbTvaMmB+mqCCs=","F52VeFSAwxxrjQ1iUQvkq39Rcf89+tEliCQ8pqf+X/U=","vdU94FUZDdVZog2KxXQpKDHurooSgj3DG/q72JDnkyo=","s05Xvm0VnKJX4OrT9lD9XtMPm00k7q3ZGz0dPn+thns=","asB2ejloEEsdEnmsjprnvaUR+fj39kaA87cmLDPjObI=","WvUzEIuoj/oOX/fk84WtuhtJH/ctld8DvM5lsEGtJD8=","RJqq0ttmOVdpU2FtA8GNZBbuw9Wgx13EMAaFjuoIpVw=","2hw+3Wdn6Jpaj/EHCjMdQon/3EE7Q9wSXqt02UMEFHo=","UEiboHV6I2RKWAXGRPpMsWs4J/4lZjxz9Ep2f8jxFeo=","xEy3J3GHaX26To1UfpI6ir24Tt6nqdupGebyF7kUrUY=","XywqXbFQchNQXLSAvRCtLMh7/INpSyK4cZxBzh5ksSE=","zYMYTBOW9zGM1uSLdEOMP+c+Nmy4gCENlh9+58RfNNQ=","Z1PDVNEV3UuXSLCmtE9SM1M27h3Q1Yad+RUQ7q7MhYs=","y0Ane3e3l9njKV8wCc2wOrgGkAL4RMge0P2OSNpXHVQ=","R0EiFmdRjP8wlXuLCmzGaVu37Djs6GDWeMY9/+sGqG8=","xfmds/blGdr16rDGT29uYg5ypWJtDhPp/ErqFvw7MZI=","iriFGsWipDglWqpnzd1IDJ9rjWnZWHFcCKh89kNAu6U=","58soB1GIvS5DAfIIY1XHfaIQ+qbpNYS1PMHklxyE77I=","UyKXptWOWaEaItwaXGpi6eGZB20Vz+zcLZG91w/iQHs=","z7ggdh6E180MVyia23eJoU24igMHwOenswWpvc0OMM4=","9XCdc8Cx//AaabHtsSj1AixZorLlLnil4JmajKlpBvI=","U+Eno/LEJjyk8XlGDXZN+oOz48CBXYOzl0RaZ7YOYR0=","h8AWNVKyMRd9XcTATNNPIEIHioY7npvNVMqYaXTKeZw=","luuiaDjzawd9ZqsHhyp5Gd+iDhDl8J4DjojRn4obLjU=","qrCT96EeeVkT3J8Q5S06KdALCjVmgnQCKI2nf01ovQU=","Q1R1c9TdfO6XRY3SmrdG23lFRNOxg+Izm1GgeCiIHqE=","i2T5+TMyGKXSmUvoJjvLVZayB22QOTTFkUwom/zqSSE=","cK4d6vTllJv1KOm38ifnnBXcc9/qKJobNjX7vJSG8bY=","lRm3tmFACTZNIIVhX3N2qYtN3N/PunPQw5T2ITVhgpE=","XdtlzlNFcsK7AsMsTai75fNUhEHUqnOGr9wp/hNOSQQ=","ptsIG5RD1HdM07qtTG63upXKUxHofLOd44jmBZExxVw=","NXUkCDX6ddq38LzD1KplIB6OycpZfJeI33tIAHmg/gA=","zbuF3XFIN+ggWBA6BzGH4GI2w1MRJ+W6rOGZQ6cEQiY=","Mpu1fg81t2an2Ejp+JhqG1rxApSwua4So3ocAl7KIHc=","/XjALhPaexiRm3IT+ey3ZZKIxwKnU6qSDu9M4zGmbTc=","9cET1N2UyC7UMKsfD6XO9RQTlfiqSOQyLokyQ1pUKBI=","LqP88CP1rhtBWmBM/xiI7T4EeY097gNFUJtrzAjBQZQ=","O8Jzj6u8c+jw6mLb+m9t+wg0BdNbElIbad4dVmClLMU=","axQDPQvJ16HtRDoXvFQGNjJct7hjzUePqz1i2MkwAUg=","ymWZ89+bbfqSchjNWKvc4ocGhHeAVDaxeEPL2E/M4Q8=","2MjxSU6mLsBL5DVr/qkbm156BK1qeRZbSBHxMlg+d7g=","TEYVQRAJqBvVa8Em/38mMpz2bfR/aUUBIYeLrJjcNaM=","8T9wY05I208Lo3+QHrwiZB5z1o0lIPTIBPUBEvqzpUc=","V0OjeVEaNsGJIWemxnNHGFxjEo7pDk94pruLM2i3dGY=","8xG6LI+9Zq4ROyOXXAYVboYBkUP2SDMmpUjmJ82oBoI=","NLtu7S3TFzse2DCo67eRoF6bckfgNci2mj8/P8Zu1GU=","EnfVgxOLd8CiCy4cVWQbHUAVc2SqLZGISyQcdQzTN5c=","xVZKlohCAXOHFgldMh8pDU2Ka8zN56Y8RRLIv49NvrM=","9C21TH2jPr6eiDX5nQA/4XhEzgeh8NFQu41MIxnDxhI=","nh+bEav6cQMIgWnuA5t4LRwR3q5D9LZEdIzcy04PCZ8=","QNDHHXc/J/LGB3v6wFLPUaMpX99Jn9IGdjZ60BQKx/Y=","RFYGKDUQ6v60sEcvIRhMkKwk0xnf9stmW0o3dAuxZzk=","RL44P7N6yKq9APo87lMUoNDkZBsLfDkUTslicB4kWSE=","/NfcWykyEqPf5zKzCkUVsUHWEHaLFLD7Bk43Zgfi5YY=","+P3Rwt3M8JpRu4gTDJQgWVB2O+1NCDsuAOCjatCP1jg=","Bu2wieMrrkD4GJsHSp7ULOfmf7W1hS3EcAqy9z8/jaA=","hZ3AlG+eQjBNedxWB8YWL5UYejzQeHgwgl2upxqHNdw=","nwuV4qStbWFLnOaBKrc/DmGB7LLYTMLL/39YW1QL6bI=","EyQQdtssxBKPcwtehN9MEU6xdy+iXR3W1XLq3z0H1rM=","bY7zMfTAdmzG0EZSOMZTJUxmPAMjwAAQRD9LOSF2D7k=","FmWmXsPqgRyKlIsQBEUQ7vmZ4smJw4pM3uOSA138NTM=","9aLYAX2xz6x+V5C6JN3dJwSrUcemufOO3QF6E6ZI/WA=","VKc21qwjv/LPEBxTd5BYF1+DYPjA5VhFC12EN/E/z7c="],"block_size":4096,"path":"static/js/main.81f2a560.js.map"},{"block_hashes":["rY/SUhTRyC2HWZV9zZJNmI2BRAPQfqOR9JLSDN/yokE=","UofyZcd86NoICa/xsP8TUAl9KYZE/yG6LCh09IYH+S8=","CBAgF2JBucXpvX9ZzqPqoFBkUCAGXDZiaeXEmyRsIHY=","Sapngj02Zp/dGo5Chg4kRbmMdz70DXZgRgPjp1MJTJQ=","glRT48dyS01VEsosBxcyhojrScooZXpTGneVIw1TBT0=","EJYwBp9cO9tYJ/W2nmrTalo5cO/30i85usIZgK7O7sI=","rolLJWaMY0sg9I+9WvbrnMX41O2jyrRuCZK6dLLj5zU=","I5NmABzWxxZa/3lcrMbSAGP9UOxPpu08hAfMPB8Bs6c=","3+f+vBbjET0AvpPyMmiOl3o9ZU+XD9ROmlMfKldWR+M=","scx1htq6t//U77nJl+H12g4LZTZO0GivZHR7t12sP8A=","Ht1Zig8kJ7ImIu+Nx3TwDuiA1qehZQPnqoeNGsg9CkI=","J0ABxaHgmGzGLTpjXAPj3HVxIDGRq9MGjtEeaIqm1Sg="],"block_size":4096,"path":"sweetAlert.js"},{"block_hashes":["jGi3Xw+pmiq7/pgVI/LYNhy4610UCvKEjxXCi/p2mag=","tBg9M+6SRPE3O/9uMZ1iUmARUzStn7iHaI9EcBw3rCk="],"block_size":4096,"path":"test.css"},{"block_hashes":["cJUgmxA/TdW4qzks7Lb1Rb0qhZItSxaPTLXYV2hrq4w="],"block_size":4096,"path":"test.html"},{"block_hashes":["xtHzCt9Y3rLrPPE6ssVs5ADDRnp9lXY6BGs9XWUVKIA=","0H5kFu5/pclmCn26fhrW5Hsj/uJ8WCW2Lz7BxV4Nctw="],"block_size":4096,"path":"testfile.js"}],"version":2}